<?xml version = "1.0"?>
<apartments>
   <apartment ID = "393">
      <apartmentname>Morioh Villa</apartmentname>
      <price>150</price>
      <startdate>100320</startdate>
      <enddate>200320</enddate>
	  <maxguests>5</maxguests>
	  <numberbeds>3</numberbeds>
	  <numberbaths>5</numberbaths>
	  <livingroom>yes</livingroom>
   </apartment>
   
   <apartment ID = "493">
      <apartmentname>Naples house</apartmentname>
      <price>100</price>
      <startdate>100520</startdate>
      <enddate>200520</enddate>
	  <maxguests>4</maxguests>
	  <numberbeds>3</numberbeds>
	  <numberbaths>2</numberbaths>
	  <livingroom>yes</livingroom>
   </apartment>
 </apartments>